customer_name,company,phone_number,email_address,ship_address
A&A Medlabs,A&A Medlabs,(630) 991-8787,karthik@aamedlabs.com,"A&A Medlabs
498 W. Boughton Rd. Ste 102,
Bolingbrook IL 60440
United States"
A2Z Diagnostics,A2Z Diagnostics,nan,eroyael@a2zdx.com,"A2Z Diagnostics
6 Industrial Way W, Suite F19
Eatontown NJ 07724
United States"
Abdulla Fouad for Medical Supplies and Services Co.,Abdulla Fouad for Medical Supplies and Services Co.,966 920012100,sarah.albishi@afmssc.com,"Abdulla Fouad for Medical Supplies and Services Co.
PO Box No. 257 Airport of Destination: King Fahd
International Airport , Dammam
Dammam  31411
Saudi Arabia"
Absolute Genomics,Absolute Genomics,nan,DWEGMAN@ABSOLUTEGENOMIC.COM,"Absolute Genomics
1300 Old Plank Road
suite 400
Mayfield PA 18433
United States"
Accurate Mobile Lab services LLC,Accurate Mobile Lab services LLC,(703) 896-2039,info@accuratectv.com,"Accurate Mobile Lab services LLC
8723 W 95th Street
Hickory Hills IL 60457
United States"
Ace Biomedical Laboratories,Ace Biomedical Laboratories,nan,sharma@acebiolabs.com,"Ace Biomedical Laboratories
6444 BEACH BLVD
JACKSONVILLE FL 32216-2891
United States"
Adeyinka Layemo,Adeyinka Layemo,nan,nan,"Adeyinka Layemo
12217 James Maddision Ln
Glendale  MD 20769
United States"
Advanced Clinical Solutions,Advanced Clinical Solutions,nan,PETER@ACSLABUSA.COM,"Advanced Clinical Solutions
6b Culnen Dr
Branchburg NJ 08876
United States"
Advanced Diagnostic Cell Company for Medical Service,Advanced Diagnostic Cell Company for Medical Service,+31 (0) 646636352,bert.boer@atilabiosystems.com,"Advanced Diagnostic Cell Company for Medical Service
8485 Prince Muhammad Lbn Abdulaziz St
Riyadh  12223
Saudi Arabia"
Advanced Genomics LLC,Advanced Genomics LLC,(281) 888-5158,desiree@advancedgenomics.care,"Advanced Genomics LLC
10750 Hammerly Blvd
#259
Houston TX 77043-2318
United States"
Advanced Surgical institute,Advanced Surgical institute,(661) 573-7190,dcsingh245@gmail.com,"Advanced Surgical institute 
256 S La Cienega Blvd  
Beverly Hills, CA 90211 
DC Singh 
dcsingh245@gmail.com"
African Biotechnology Society ABS,African Biotechnology Society ABS,00 216 71 937 525,serv_appro@africanbs.com.tn,"African Biotechnology Society ABS
Zone Industrielle ElAgba, Centre de Vie et d’Affaires,
1er étage, Bureau A1-3, 2087 Tunis, Tunisie
Tunisia"
AGTC Genomics Sdn Bhd (1428365-D),AGTC Genomics Sdn Bhd (1428365-D),60 12 798 8508,koksin@agtcgenomics.com,"AGTC Genomics Sdn Bhd (1428365-D)
J2-1, Pusat Perdagangan Bandar Bukit Jalil,
Persiaran Jalil 1, Bukit Jalil, 57000 Kuala Lumpur
Malaysia"
"AI BIOSCIENCES, INC","AI BIOSCIENCES, INC",nan,season.wong@aibiosciences.com,"AI BIOSCIENCES, INC
1902 PINON DR, STE C.
College Station TX 77845-5816
United States"
Albert Einstein College of Medicine,Albert Einstein College of Medicine,250 788834792,nan,"Église du Christ au Congo 
Université Protestante au Congo 
Croisement Avenue de Libération et du Boulevard  Triomphal  
Kinshasa/Lingwala  
République Démocratique du Congo 
Att: Professeur  Sumaili  Ernest Kiswaya 
Phone numbers: 243818826444 and 243999908223"
ALFA GENETICS D.O.O.,ALFA GENETICS D.O.O.,+31 (0) 646636352,bert.boer@atilabiosystems.com,"ALFA GENETICS D.O.O.
Cvijiceva 128/3 
11120 Belgrade
Serbia"
Alpha Diagnostics,Alpha Diagnostics,nan,danitra@alphadx.net,"Alpha Diagnostics
204 Huffman Mill Rd
Burlington NC 27215
United States"
Alpha Medical Lab Services,Alpha Medical Lab Services,nan,RGATES@ALPHAMEDICALLAB.COM,"Alpha Medical Lab Services 
224 N 6th St 
Jenks OK 74037 
Alexis Conner 
833.961.1239"
Alpha Medthrift Scientific Co.,Alpha Medthrift Scientific Co.,(708) 403-2220,purchasing@amscomedical.com,"Alpha Medthrift Scientific Co.
925 Lambrecht Road
Frankfort IL 60423
United States"
Altera Laboratory Services LLC.,Altera Laboratory Services LLC.,nan,alex.k@alterabiolab.com,"Altera Laboratory Services LLC.
16902 Millikan Ave Suite B
Irvine CA 92606
United States"
Altium International Lab. Cih. A.Ş.,Altium International Lab. Cih. A.Ş.,+31 (0) 646636352,bert.boer@atilabiosystems.com,"Altium International Lab. Cih. A.Ş.
Ece TURKMEN, Group Manager | Grup Müdürü | DGG Barbaros Mahallesi Temmuz Sokak No:6 34746 Ataşehir / İstanbul
Istanbul  
Türkiye"
AMEDiX Incorporated,AMEDiX Incorporated,nan,AMEDIX@AMEDIXLABORATORY.COM,"AMEDiX Incorporated 
6103 Strickland Ave, Ste D 
Brooklyn NY 11234 
John Izreal 
888-826-3349 
AMEDIX@AMEDIXLABORATORY.C"
American Molecular Laboratories Inc.,American Molecular Laboratories Inc.,nan,AM@AMLABORATORIES.COM,"American Molecular Laboratories Inc.
50 LAKEVIEW PKWY STE 127
Vernon Hills IL 60061-1590
United States"
American Scientific Laboratories,American Scientific Laboratories,nan,suzysullo@gmail.com,"American Scientific Laboratories
1860 Old Okeechobee Rd. St 508 &510
West Palm Beach FL 33409
United States"
Ampath Trust,Ampath Trust,9.71E+11,asawafta@najah.edu,"Ampath Trust
166 Witch Hazel Ave
Highveld Techno Park, Centurion  0167
South Africa"
Amplifi DX,Amplifi DX,(949) 280-9405,paige@amplifidx.com,"Amplifi DX
39655 Eureka Dr.
NEWARK CA 94560
United States"
An-Najah National University,An-Najah National University,+ 970 2 297 6265,asawafta@najah.edu,"An-Najah National University
P.O. Box 7
Nablus  
Palestine, State of"
"Ana KvoÄiÄ‡, Msc","Ana KvoÄiÄ‡, Msc",13369642,ana.k@gorea-plus.hr,"Ana KvoÄiÄ‡, Msc
Gorea plus d.o.o.
Obala kraljice Elizabete Kotromanić 88
Novigrad  23312
Croatia"
Anagen Analiz Ars Oto ith ihr san ve tic ltd sti,Anagen Analiz Ars Oto ith ihr san ve tic ltd sti,9.05E+11,ozgur@anagenanaliz.com,"Anagen Analiz Ars Oto ith ihr san ve tic ltd sti
Anagen Analiz Ars Oto ith ihr san ve tic ltd sti Zuhuratbaba mah. Incirli caddesi no:117  Dukkan:2
Istanbul  34147
Türkiye"
Ananda Analytical Services,Ananda Analytical Services,nan,carlo@labananda.com,"Ananda Analytical Services
2519  W. Burbank Blvd. Suite 101
Burbank CA 91505
United States"
APG Labs,APG Labs,nan,info@apglabs.com,"APG Labs
10632 Little Patuxent Pkwy. Ste. 104A
Columbia MD 21044
United States"
Appalachian Regional Healthcare,Appalachian Regional Healthcare,nan,dnorman@arh.org,"Appalachian Regional Healthcare
200 Hospital Drive
South Williamson KY 41503
United States"
Applied Ingenuity Diagnostics,Applied Ingenuity Diagnostics,nan,mshah@applidx.com,"Applied Ingenuity Diagnostics
7040 Lake Ellenor Dr
Orlando FL 32809
United States"
Aptitude Labs,Aptitude Labs,nan,easton.anguay@aptitudelabs.com,"Aptitude Labs
125 Cremona Drive Ste #100
Goleta CA 93117
United States"
ARH Reference Lab,ARH Reference Lab,nan,MPOTTER@ARH.ORG,"ARH Reference Lab
200 Hospital Dr
South Williamson KY 41503
United States"
ATC Genomics,ATC Genomics,90 312 496 43 19,burcu.torun@atc.com.tr,"ATC Genomics
Galip Erdem Cad. 607. Sok. No:9 06550 Çankaya - Ankara / Türkiye
Ankara  
Türkiye"
Atlas Diagnostics Inc.,Atlas Diagnostics Inc.,nan,Robertridley@atlasdxlabs.com,"Atlas Diagnostics Inc.
926 S Elmora Ave
Elizabeth NJ 07202
United States"
Autonomous University of the State of Mexico,Autonomous University of the State of Mexico,011 52 722 226 23 00,rectoria@uaemex.mx,"Autonomous University of the State of Mexico
Instituto Literario 100. Col. Centro Toluca, Estado de Mexico,
Mexico"
Avantic Medical Lab,Avantic Medical Lab,nan,yogini@avanticlab.com,"Avantic Medical Lab
22 Meridian Rd., Suite 7,Edison, NJ 08820
Edison NJ 08820
United States"
"AVE-Map project at Mbarara University,","AVE-Map project at Mbarara University,",nan,jngonzi@must.ac.ug,"AVE-Map project at Mbarara University,
P.O BOX 1410
Mbarara  
Uganda"
Barbara Beery,Barbara Beery,(510) 325-3869,barbarambeery@gmail.com,"Barbara Beery
3751 Harrison St
Oakland CA 94611
United States"
Basic Health International,Basic Health International,50375771043,aalvarado@basichealth.org,"Basic Health International
Colonia San Francisco, Avenida Las Camelias #14, San Salvador, El Salvador, Central America 503 75771043
El Salvador"
Belize Family Life Association's  (BFLA),Belize Family Life Association's  (BFLA),(501) 203-1018,executivedirector@bflabz.org,"Belize Family Life Association's  (BFLA)
15631 Weldon Dr
Houston TX 77032
United States"
Benjamin Liu,Benjamin Liu,(202) 476-2161,bliu1@childrensnational.org,"Benjamin Liu
111 Michigan Ave NW, Lab Admin, suite 2200
Washington DC 20010
United States"
Beta Diagnostic,Beta Diagnostic,nan,nan,nan
Better Life Science,Better Life Science,nan,daniel@mybls.com,"Better Life Science
4400 North Point Pkwy
Ste 160
Alpharetta GA 30022
United States"
BGI Health (HK) Company Limited,BGI Health (HK) Company Limited,85239522140,chakpuiching@bgi.com,"BGI Health (HK) Company Limited
1/F, No.16, Dai Fu Street, Tai Po Industrial Estate.
Hong Kong  
Hong Kong"
Bio-Rad,Bio-Rad,nan,nan,"Bio-Rad
725 Alfred Nobel Drive
Hercules CA 94547
United States"
BioCentra Diagnostics LLC,BioCentra Diagnostics LLC,nan,TAHIR@BIOCENTRA.COM,"BioCentra Diagnostics LLC 
5600 S Willow Dr. Ste. 101 
HOUSTON TX 77035 
Dr. Wani 
(832) 831-3624 
DRWANI@BIOCENTRA.COM"
BiocientÃfica Internacional,BiocientÃfica Internacional,506-2272-3700,marcos.lopez11@upr.edu,"BiocientÃfica Internacional
Avenida 12, Calle 3 Hacienda Vieja Curridabat
San Jose  
Costa Rica"
BIOCOVID Lab,BIOCOVID Lab,(844) 811-8166,oussama@medpedhealthcare.com,"BIOCOVID Lab 
College Park Medical Center 
4701 Melbourne Place 
College Park, MD 20740 USA 
(844) 811-8166 
oussama@medpedhealthcare.com 
Attn: Dr. Oussama"
BioGene Diagnostics,BioGene Diagnostics,nan,admin@biogenediagnostics.com,"BioGene Diagnostics
10842 Noel St
#111
Los Alamitos CA 90720
United States"
BioGenetics Diagnostics,BioGenetics Diagnostics,nan,ouza68@gmail.com,"BioGenetics Diagnostics
17876 Farmington Road
Livonia MI 48152
United States"
Biotox,Biotox,nan,anwarbaker@yahoo.com,"Biotox
18161 West 13 Mile Rd, Suite D3,
Southfield MI 48076
United States"
BS Diagnostics,BS Diagnostics,+216 70 031286,med.export.tunisia@gmail.com,"BS Diagnostics
12 Rue Al Imam Alouzai
El Menzah 4, Grand Tunis  
Tunisia"
Care Caribbean Ltd.,Care Caribbean Ltd.,(786) 614-7348,karen@carecaribbean.net,"Woodlands Ltd./Lindsay 
c/o Laparkan Air 
2361 NW 66th Ave. Bldg#702 
Miami, FL33123, 
USA"
Caribbean Diagnostics Ltd,Caribbean Diagnostics Ltd,(284) 441-2574,kevin.clifford@caribbeandiagnostics.com,"Caribbean Diagnostics Ltd
Eden House Office Suites Elizabethan Square, Georgetown
P.O. Box 189
Grand Cayman KY1-1004  
Cayman Islands"
Caring Health Network,Caring Health Network,nan,sara.evans@carehealthnet.com,"Caring Health Network
108 E. Laurel Street
Philipsburg PA 16866
United States"
Central Circle Co.,Central Circle Co.,(965) 186-9869,mohammed.aziz@centralcircleco.com,"Central Circle Co.
Floor No. #69, Al Hamra Business Tower, P.O. Box 1015 Salmieh
Al Shuhada Street
Al-Sharq  
Kuwait"
Centro Comprensivo de Cáncer,Centro Comprensivo de Cáncer,(787) 772-8300,fvazquez@cccupr.org,"Centro Comprensivo de Cáncer 
Attn: Cuentas a Pagar 
PO Box 363027 
San Juan  00936-3027 
Puerto Rico 
(787) 772-8300"
"Ceres Nanosciences, Inc.","Ceres Nanosciences, Inc.",nan,sbarksdale@ceresnano.com,"Ceres Nanosciences, Inc.
9460 Innovation Drive
Manassas VA 20110
United States"
Certigen Laboratory,Certigen Laboratory,nan,nan,"Certigen Laboratory 
9309 S TOLEDO AVE STEA 
TULSA, OK 74137-2753 US 
 
Nikki Esquivel 
844-226-5714 
KJOHNSTON@CERTIGENLAB.COM"
Chemtai Mungo C/O Dana Lapple,Chemtai Mungo C/O Dana Lapple,nan,stephanie_warth@med.unc.edu,"Chemtai Mungo C/O Dana Lapple
3009 Old Clinic Building
CB#7570
Chapel Hill NC 27599-7570
United States"
Chicago Lab Services,Chicago Lab Services,nan,CHICAGOLABSERVICES@GMAIL.COM,"Chicago Lab Services
7422 N Western Ave STE 1,
Chicago IL 60645
United States"
City of Hope,City of Hope,nan,mrubaharan@coh.org,"City of Hope
ATTN Accounts Payable
1500 E. Duarte Rd.
Duarte CA 91010-3000
United States"
CL LABS INC.,CL LABS INC.,(847) 452-1483,cllabs@outlook.com,"CL LABS INC.
6288 N Cicero Ave, Unit #1
Chicago IL 60646
United States"
Clear Choice Diagnostics,Clear Choice Diagnostics,nan,RCLARK@CLEARCHOICEDX.COM,"Clear Choice Diagnostics
6699 N Federal Hwy Ste 105
Boca Raton FL 33487
United States"
Clear Diagnostics,Clear Diagnostics,nan,JENNIFER.S@CLEARDIAGNOSTICS.NET,"Clear Diagnostics
708 E TARPON AVE
Tarpon Springs FL 34689-4250
United States"
Clear Molecular,Clear Molecular,nan,pantelis@cleardiagnostics.net,"Clear Molecular
708 E Tarpon Ave.
Tarpon Springs FL 34689
United States"
Clinical Genetics Branch National Cancer Institute,Clinical Genetics Branch National Cancer Institute,nan,jzavala@dalrada.com,"Clinical Genetics Branch National Cancer Institute
9609 Medical Center Dr
Bethesda MD 20892
United States"
Clinical Research Unit of Nanoro/IRSS-DRCO,Clinical Research Unit of Nanoro/IRSS-DRCO,nan,nan,nan
Clinilab Import & Export Agency,Clinilab Import & Export Agency,202 252 57 212,Yasser.darweish@clinilab.net,"Clinilab Import & Export Agency
4, 160 St El-Etehad square Riham Tower
Maadi – Cairo  
Egypt"
Coagulation Consultants,Coagulation Consultants,nan,coagulationconsultantslab@gmail.com,"Coagulation Consultants
1640 Elk Blvd
Des Plaines IL 60016
United States"
College Park Medical Center,College Park Medical Center,nan,oussama@medpedhealthcare.com,"College Park Medical Center
4701 Melbourne Place
College Park MD 20740
United States"
Concepto Diagnostics Limited,Concepto Diagnostics Limited,nan,shruti@conceptoclinic.co.uk,"Concepto Diagnostics Limited 
102, The parade, Watford High St 
Hertfordshire  WD17 1AW 
United Kingdom 
ifra@conceptoclinic.co.uk 
(284) 441-2574"
Consortium Lab Services,Consortium Lab Services,nan,mase@gigcell.com,"Consortium Lab Services
31201 Chicago Rd S, Ste B102
Warren MI 48093
United States"
Corpogenlab,Corpogenlab,(786) 715-5427,ccuadra73@gmail.com,"Corpogenlab
MSc. César Cuadra Sánchez CORPORACION GENERAL DE 
DIAGNOSTICOS RUC J0310000286000, KM 5 carretera a Masaya Plaza comercial, Kings Palace
Managua  
Nicaragua"
Cova Laboratories,Cova Laboratories,nan,NADIAP@COVALABORATORY.COM,"Cova Laboratories
600 D LAKE STREET
Ramsey NJ 07446
United States"
Covigen Medtox Lab Inc,Covigen Medtox Lab Inc,(347) 515-1344,nadeem27@aol.com,"Covigen Medtox Lab Inc
700 N Broad st. Suite # 103
Elizabeth NJ 07208
United States"
Criterion Chemistries,Criterion Chemistries,nan,sarah.connelly@criterionchemistries.com,"Criterion Chemistries
DGHI
490 Wildwood North Circle, Suite 110
Homewood AL 35209
United States"
Cure cervical cancer,Cure cervical cancer,nan,nan,"Rebecca Lepsik -- Executive Director
Cure cervical cancer
Kenya"
CureCervicalCancer,CureCervicalCancer,(310) 601-3002,samson@curecervicalcancer.org,"CureCervicalCancer
468 N. Camden Drive
Beverly Hills CA 90210
United States"
Deluxe Medical Corporation,Deluxe Medical Corporation,nan,julia.labonte@medicalsource.biz,"Deluxe Medical Corporation 
2701 General De Gaulle Dr 
New Orleans LA 70114 
Dr. Tillery 
504-418-4226"
DHME Diagnostics,DHME Diagnostics,(847) 278-7902,dhmediagnostics@gmail.com,"DHME Diagnostics
4827 Irving Park Rd, Chicago, IL 60641
Chicago IL 
United States"
Diagnostech,Diagnostech,27 (0)11 469 0097,nan,"Rynier Lourens
Diagnostech
Unit 12 Mulberry Hill Office Park Broadacres Dr Dainfern Valley
Johannesburg  
South Africa"
DIAGNÓSTICA JR,DIAGNÓSTICA JR,55 6382 3937 ,compras@dimojr.mx,"DIAGNÓSTICA JR 
Jorge Olmedo Nieva 
PO# 966 
Public Assistance #552, Int.1, Col. Industrial Puerto Aéreo, 
CP 15710, Mayor's Office Venustiano Carranza, Mexico City, Mexico 
compras@dimojr.mx 
Tel: 55 6382 3937 
Mexico"
Discovery life Science,Discovery life Science,(256) 327-9583,shawn.fahl@dls.com,"Discovery life Science
800 Hudson Way, Suite 1700
Huntsville AL 35806
United States"
Division of Cancer Epidemiology and Genetics (DCEG) National Cancer Institute,Division of Cancer Epidemiology and Genetics (DCEG) National Cancer Institute,(240) 604-1554,julia.gage@nih.gov,"Division of Cancer Epidemiology and Genetics (DCEG) National Cancer Institute
9609 Medical Center Dr, Rm 6E546
Bethesda MD 20892
United States"
Dr Balwant Singh Hospital Inc,Dr Balwant Singh Hospital Inc,nan,jewan@balwantsingh.com,"314 East Street South Cummingsburg
Georgetown  
Guyana"
Dr Balwant Singh's Hospital Inc.,Dr Balwant Singh's Hospital Inc.,nan,bshshazad@gmail.com,"Dr Balwant Singh's Hospital Inc.
314 East Street South Cummingsburg
Georgetown  
Guyana"
Dr.  Melissa Miskell,Dr.  Melissa Miskell,(830) 708-6009,melissamiskell@gmail.com,"Dr.Melissa Miskell
2269 Waterford Grace
New Braunfels TX 78130
United States"
Dr. Ajenifuja Olusegun,Dr. Ajenifuja Olusegun,nan,nan,"Dr.Ajenifuja Olusegun
Department of Obstetrics and Gynaecology Obafemi Awolowo University Teaching Hospital
PMB 5538, Ilesa Road
Ile Ife, Osun state  
Nigeria"
"Duke Global Health Institute, Duke University","Duke Global Health Institute, Duke University",(919) 641-6059,christina.makarushka@duke.edu,"Duke Global Health Institute, Duke University 
310 Trent Dr. 
Durham NC 27710 "
Dupage County Diagnostics LLC,Dupage County Diagnostics LLC,(630) 234-9407,fisaila1@gmail.com,"1315 Butterfield Road, Suite 200
Downers Grove IL 60515
United States"
Eagle Labs 2 LLC,Eagle Labs 2 LLC,nan,joryscott@briomd.com,"Eagle Labs 2 LLC
4 WILLOW POINTE  STE 3
Hattiesburg MS 39402-1150
United States"
EHA Clinics Limited,EHA Clinics Limited,2.35E+12,uwaye.ehikpehae@eha.ng,"EHA Clinics Limited
4-6 Independence Road, Kano Plot 944 Asba & Dantata Street,
off Life Camp roundabout (Jabi),
Abuja  
Nigeria"
Elite Medical Lab,Elite Medical Lab,nan,nadiap@covalaboratory.com,"Elite Medical Lab
900 D Lake St
Ramsey NJ 07446
United States"
Embry Health,Embry Health,nan,jamesbradley.myers@embryhealth.com,"Embry Health
2005 W 14th Street Ste 118
Tempe AZ 85281
United States"
Empower,Empower,(972) 273-0265,Driley@dalrada.com,"600 La Terraza Blvd
Escondido CA 92025
United States"
Encompass Laboratory,Encompass Laboratory,(281) 720-6052,Colleen@EncompassLaboratory.com,"Encompass Laboratory
2323 S. Voss Road
Suite 455
Houston TX 77057
United States"
Enox Pharma AB,Enox Pharma AB,+44 (0) 3301 333 077,tom.crowley@enoxpharma.com,"Enox Pharma AB
Turebergs,
Sollentuna  
Sweden"
ENT USA,ENT USA,nan,mamoudou.maiga@northwestern.edu,"ENT USA
International Medical Suppliers Hamdallaye ACI
Bamako  
Mali"
Exova Dx,Exova Dx,nan,HWARRING@EXOVADX.COM,"Exova Dx
5130 Gateway Blvd E
3rd floor
El Paso TX 79905
United States"
Fisher Scientific,Fisher Scientific,nan,nan,nan
Desiree Bock ,FPCA Molecular Lab,(301) 634-7987,dbock@divineconceptsmgmt.com,"
610 SOLAREX CT 
FREDERICK, MD 21703-8624 US 
Desiree Bock "
Fred Hutch Cancer Center Cancer,Fred Hutch Cancer Center Cancer,nan,amondrag@fredhutch.org,"Fred Hutch Cancer Center Cancer
Robert Arnold Building 
1100 Fairview Ave N, Rm M4 C835
Seattle WA 98109
United States"
Fujirebio Europe,Fujirebio Europe,+32 9 329 14 18 / + 32 9 329 15,orderconfirmations@fujirebio.com,nan
Fujirebio Europe N.V.,Fujirebio Europe N.V.,+32 9 329 14 18  ,orderconfirmations@fujirebio.com,"Fujirebio Europe N.V. 
Technologiepark 6 
BE-9052  Zwijnaarde   
Belgium 
Caroline Wesemael "
GenePath Diagnostics India Private Limited,GenePath Diagnostics India Private Limited,nan,vinayak.pai@genepathdx.com,"GenePath Diagnostics India Private Limited
7th Floor Manikchand Galleria
Swastik Society, Model Colony
Pune  411016
India"
Genesis Diagnostic Services,Genesis Diagnostic Services,nan,SYEDNAVEEDMD@GMAIL.COM,"Genesis Diagnostic Services
12000 Ford Rd Ste 180
Farmers Branch TX 75234
United States"
 Dr Erin Akdeniz ,Genoks Technology,+90 312 229 78 59,info@genoks.com.tr,"Genoks Technology 
Genoks Health Services Inc. Emniyet Mahallesi, Silahtar Caddesi, No:67 06560 
Ankara
+90 312 229 78 59 
erenakdeniz@genoks.com.tr"
Genolab Diagnostics LLC,Genolab Diagnostics LLC,nan,melabbasi@genolabdiagnostics.com,"Genolab Diagnostics LLC
200 Fairfield Rd, Ste 22
Fairfield NJ 07004
United States"
Genomic FZE,Genomic FZE,nan,genomic@rakfzbc.ae,"Genomic FZE
FDRK4430 Compass Building,
Al Shohada Road, AL Hamra Industrial Zone-FZ,
Ras Al Khaimah, United Arab Emirates  
United Arab Emirates"
Genophyll Labs,Genophyll Labs,nan,jay.sewkarran@rover-labs.com,"Genophyll Labs 
1 Deer Park Dr. 
Monmouth Junction NJ 08852 
Mona Badr 
856.832.6613 
Mona.badr@rover-labs.com"
GH Labs,GH Labs,(310) 591-0733,nan,"GH Labs
14360 SE Eastgate Way,Bellevue, WA, 98007
Bellevue WA 98007
United States"
Global Health Labs,Global Health Labs,nan,AP-Inbox@ghlabs.org,"Global Health Labs
14360 SE Eastgate Way
Bellevue WA 98007
United States"
Grounds for Health,Grounds for Health,nan,patti@groundsforhealth.org,"Grounds for Health
600 Blair Park Road, Ste 311
Williston VT 05495
United States"
Guyana Cancer Prevention Society,Guyana Cancer Prevention Society,nan,nan,"Guyana Cancer Prevention Society
685 Block C Grove  East Bank Demerara
Guyana"
Gynecologic Oncology Massachusetts General Hospital,Gynecologic Oncology Massachusetts General Hospital,(267) 441-9103,nicholasmensah10@gmail.com,"Gynecologic Oncology Massachusetts General Hospital
Dr Thomas Konney Komfo Anokye Dept Obstetrics and Gynaecology  Bantama Street P. O. Box 1934 Kumasi, Ghana
Ghana"
Helimedical Corp,Helimedical Corp,(786) 309-3956,erika@helimedicalsupply.com,"Helimedical Corp
9600 NW 25th st 
Suite 2A
Doral FL 33178
United States"
Helimedical Supply,Helimedical Supply,(786) 309-3956,erika@helimedicalsupply.com,"Helimedical Supply
9600 NW 25th St Suite 2A
Miami FL 33172
United States"
"Hem Thapa, Ph.D","Hem Thapa, Ph.D",(404) 639-2187,sqp1@cdc.gov,"Associate Service Fellow, HPV DNA Team
1600 Clifton Rd NE    Mail Stop H23-4
Atlanta GA 30329
United States"
"Hiros TecnologÃas, S.A. de C.V.,","Hiros TecnologÃas, S.A. de C.V.,",nan,raymundo.mendez@hirostecnologias.com,"HIROSTECNOLOGIAS S.A DE C.V 
Calle 15 NA 74 Col. Valentn Gómez Faras, Del.
Venustiano Carranza, C. P. 15010, CDMX 
RFC. HIR1208249H8 
Mexico 
At'n: Yhunen Hernandez"
HLR ltd.,HLR ltd.,+38044494 42 42,rodriguez@hlr.ua,"HLR ltd.
CHEMCA LTD 78 York Street, Marylebone, London, United Kingdom, W1H 1DP
London  
United Kingdom"
Hydrox SIA,Hydrox SIA,371 67551517,jana@hydrox.lv,"Hydrox SIA 
1 Lizuma street, Riga, LV-1006, Latvia 
Jekabpils novads, ViesÄa�te, 24 Birzu iela, LV-5237,Latvia 
Aleksandrs �epteli�s 
371-22064140 
jana@hydrox.lv"
"ILAB, LLC","ILAB, LLC",nan,Hebatalla.Ibrahim@yahoo.com,"ILAB, LLC
1135 Clifton Ave
Clifton NJ 07013
United States"
Infinity Diagnostic,Infinity Diagnostic,nan,josephloevy@gmail.com,"Infinity Diagnostic
370 North St.
Teterboro NJ 07608
United States"
Integrative Diagnostics,Integrative Diagnostics,nan,integrativediagnosticsllc@gmail.com,"Integrative Diagnostics
21237 South La Grange Rd., Unit 5
Frankfort IL 60423
United States"
IPO LISBOA,IPO LISBOA,(+351) 217229832,mmiranda@ipolisboa.min-saude.pt,"IPO LISBOA
Instituto PortuguÃ�s Oncologia de Lisboa Francisco Gentil EPE
Rua Professor Lima Basto
Lisbon  1099-023
Portugal"
"Isla Lab Products, LLC","Isla Lab Products, LLC",(979) 985-9452,vmarrero@islalab.com,"Isla Lab Products, LLC
PO BOX 361810
San Juan  
Puerto Rico"
Jeva Diagnostic Relief,Jeva Diagnostic Relief,nan,diagnosticrelief@gmail.com,"Jeva Diagnostic Relief
6857 Foothill Blvd Tujunga
Tujunga CA 91042
United States"
JFK CLINIC,JFK CLINIC,nan,chairmantxihp@gmail.com,"JFK CLINIC
9494 Southwest Freeway Suite 700
Houston TX 77074-1432
United States"
key Advanced Genomics LLC,key Advanced Genomics LLC,nan,nan,"Advanced Genomics LLC
10750 Hammerly Blvd #259
Houston TX 77043-2318
United States"
KWAME NKRUMAH UNIVERSITY OF SCIENCE AND TECHNOLOGY,KWAME NKRUMAH UNIVERSITY OF SCIENCE AND TECHNOLOGY,233 20 8168767,dean.smd@knust.edu.gh,"KWAME NKRUMAH UNIVERSITY OF SCIENCE AND TECHNOLOGY
OFFICE OF THE DEAN
SCHOOL OF MEDICINE AND DENTISTRY,
Kumasi  
Ghana"
Lab Care LLC,Lab Care LLC,nan,Hamdan@labcareusa.com,"Lab Care LLC
13601 Preston Rd.
Ste 360 E
Dallas TX 75240
United States"
Lab Quest,Lab Quest,nan,rayakayllc@gmail.com,"Lab Quest
2183 Fairview Road # 100
Costa Mesa CA 92627
United States"
LAB QUEST DIAGNOSTICS,LAB QUEST DIAGNOSTICS,nan,ANJALILOHANO13@GMAIL.COM,"LAB QUEST DIAGNOSTICS
3425 W PETERSON AVE
Chicago IL 60659
United States"
Lab Site Clinical,Lab Site Clinical,nan,nan,nan
Laboratorio Vidatec in Panama,Laboratorio Vidatec in Panama,(305) 599-2703,mrivas@vidateclab.com,"Laboratorio Vidatec in Panama
7270 NW 35th Terrace
SUITE 101
Miami FL 33122
United States"
Laboratory Hope Diagnostics,Laboratory Hope Diagnostics,nan,pathdiagnostics6@gmail.com,"Laboratory Hope Diagnostics 
9243 S Roberts Road 
Hickory Hills IL 60457 
Moses Adeyanju 
(708) 529-7537 
PATHDIAGNOSTICS6@GMAIL.COM"
Laboratory Management Consultants,Laboratory Management Consultants,nan,lpigman@emaillmc.com,"Laboratory Management Consultants
109 Parkway St.
Hazard KY 41701
United States"
LaboShop Medical and Laboratories Equipment LLC,LaboShop Medical and Laboratories Equipment LLC,800 800 DNA (362),ceo@laboshop.ae,"MASTER LOGISICS FZCO 
Dubai airport freezone 
Block B , B21 
IMPORT CODE  : AE-1167948 
email : operation@masterlogisticsfzco.com"
LAGEM,LAGEM,nan,nan,"LAGEM 
836 S Kingsley Dr. Apt 4 
Los Angeles, CA 90005 
anet.rivera.phd@gmail.com"
Lanmer OÜ,Lanmer OÜ,37255646678,elis.harin@lanmer.eu,"VAT ID: EE102115000
Reg nr: 12647876
Tartu maakond  
Estonia"
Leidos Biomedical Research,Leidos Biomedical Research,(301) 846-1127,debra.hogarty@nih.gov,"Leidos Biomedical Research
Debi Hogarty (she/her)
Cambodia"
Life long labs,Life long labs,(630) 445-1109,Lifelonglabs1@gmail.com,"Life long labs
303 Eisenhower ln
South Lombard IL 60148
United States"
Life Quest Diagnostics,Life Quest Diagnostics,nan,billgard@aol.com,"Life Quest Diagnostics
720 Valley Street Suite F
Anaheim CA 92801
United States"
Life Technologies Corporation,Life Technologies Corporation,(877) 378-3623,jason.wan@thermofisher.com,"Life Technologies Corporation
PO Box 1039
Carlsbad CA 92008
United States"
LifeGene Biomarks,LifeGene Biomarks,nan,rguerrero@lifegenedna.com,"LifeGene Biomarks
1812 Ashland Avenue
Garden Level G25P
Baltimore MD 21205
United States"
Lifeline Biosciences,Lifeline Biosciences,(708) 800-2008,nabbil@lifelinebiosciences.com,"Lifeline Biosciences
2777 Finley Road Unit 19
Downers Grove IL 60515
United States"
Limarr Enterprise Sp. z o.o.,Limarr Enterprise Sp. z o.o.,+375 (29) 287-89-38,nan,"Algimed LLC
Limarr Enterprise Sp. z o.o.
8 Mukhtar Auezov St
7th floor
Saryarka District, Astana  10000
Kazakhstan"
Lisa Abaid,Lisa Abaid,nan,nan,"Lisa Abaid 
401 Poplar St 
Laguna Beach CA 92651 
United States 
labaid@gmail.com"
Madre y Niño,Madre y Niño,nan,dlarsonbell@gmail.com,"Madre y. Montgomery Gilmer
Gilmer TX 75644
United States"
MCD SERVICIOS INTEGRALES DE DIAGNOSTICOS,MCD SERVICIOS INTEGRALES DE DIAGNOSTICOS,(555) 212-0652,gabrielhernandez@equiver.com.mx,nan
MD ANALYSIS,MD ANALYSIS,nan,lpigman@emaillmc.com,"MD ANALYSIS
1452 East Main St
Hazard KY 41701
United States"
MD Anderson Cancer Center,MD Anderson Cancer Center,nan,mdaccap@mdanderson.org,nan
MDTLA,MDTLA,nan,MDTLA2020@GMAIL.COM,"MDTLA
1529 Cliff Gookin Blvd
Tupelo MS 38801
United States"
MDX Laboratories,MDX Laboratories,nan,nan,nan
Meadows Diagnostics LLC,Meadows Diagnostics LLC,nan,A.GADHALE@MEADOWSDIAGNOSTICS.COM,"Meadows Diagnostics LLC
11720 W AIRPORT BLVD STE 800
Meadows Place TX 77477-3062
United States"
Med Mongol LLC,Med Mongol LLC,(976) 70154448,haliunaa@medmongol.com,"Med Mongol LLC 
Sukhbaatar district, 1st khoroo, 
Embassy Street, 14-1, Atlant Building, 
1st floor, #102, Ulaanbaatar 
14210 Mongolia 
(976) 70154448"
Med Screen Labs,Med Screen Labs,(973) 320-3237,ISHRATILYAS@MEDSCREENLABS.COM,"Med Screen Labs 
992 CLIFTON AVE FL 2 
CLIFTON, NJ 07013-3502 US 
 
Ishrat Ilyas 
(973) 320-3237 
ISHRATILYAS@MEDSCREENLABS. 
COM"
Medbioline LLC,Medbioline LLC,nan,t.butunbaev@medbioline.uz,"Medbioline LLC
Uzbekistan, Tashkent, Yashnabod district, 
Sultanali Mashhadiy str, 162
Tashkent  
Uzbekistan"
MEDEX MEDICAL SUPPLIES INC,MEDEX MEDICAL SUPPLIES INC,(773) 443-4786,fisaila1@gmail.com,"MEDEX MEDICAL SUPPLIES INC
142 W. Higgins Rd
Hoffman Estates IL 60139
United States"
MEDICAGENT,MEDICAGENT,389 2 3091 108,contact@medicagent.mk,"MEDICAGENT
Cvetanka Kulukovska,dipl.chem.ing
ul.Kozara br.13a, 1000 Skopje
North Macedonia"
"Medical Assay Laboratory, Inc","Medical Assay Laboratory, Inc",(630) 430-4762,president@medassay.com,"Dr. Chris Chalokwu 
Medical Assay Laboratory, Inc 
8205 Cass Avenue, Suite 108 
Darien IL 60561-5319 
Dr. Chris Chalokwu 
630-515-0418 
PRESIDENT@MEDASSAY.COM"
Medlab Clinical Laboratory,Medlab Clinical Laboratory,nan,qfarooqui@medlabcorp.com,"Medlab Clinical Laboratory
35 Gaylord St
Elk Grove Village IL 60007
United States"
Medlife Diagnostic,Medlife Diagnostic,nan,mike@medlifediagnostic.com,"Medlife Diagnostic
1717 Brunswick Pike
Lawrence Township NJ 08648
United States"
MedRush Clinical Lab,MedRush Clinical Lab,nan,kbaig@medrushlab.com,"MedRush Clinical Lab
1631 RAND RD
Des Plaines IL 60016
United States"
Medscreen Labs,Medscreen Labs,nan,ishratilyas@medscreenlabs.com,"Medscreen Labs
992 Clifton Ave., 2nd Floor,Clifton, NJ 07013
Clifton NJ 07013
United States"
Meridian Regional Diagnostic LLC,Meridian Regional Diagnostic LLC,nan,ryan.wiseman@atilabiosystems.com,"Meridian Regional Diagnostic LLC
2203 HIGHWAY 39 N STE B
Meridian MS 39301-2609
United States"
Microgen Lab,Microgen Lab,nan,gowtham@devlabwerks.com,"Microgen Lab
14225 Sullyfield Circle
Suite E
Chantilly VA 20151
United States"
Midway Specialty Care,Midway Specialty Care,(772) 464-9746 ext. 430,rtiamiyu@midwaycare.org,"Midway Specialty Care 
356 E Midway Rd. 
Fort Pierce FL 34982 
Angie-Marie Valentin 
avalentin@midwaycare.org 
 (772) 464-9746 ext. 430"
Ministry of Health & Child Care,Ministry of Health & Child Care,nan,cndlovu@uz-ctrc.org,"Ministry of Health & Child Care
C/0 University of Zimbabwe Clinical Trials Research Centre (UZ-CTRC)
15 Phillips Ave
Belgravia, Harare  
Zimbabwe"
Mission Health Center,Mission Health Center,nan,msmhcenter@gmail.com,"Mission Health Center
8027 Strawberry hill Road
Odessa MO 64076
United States"
MMM Diagnostics,MMM Diagnostics,nan,faizan@mmmdiagnostics.com,"MMM Diagnostics
330 E Roosevelt Rd STE 150
Lombard IL 60148
United States"
MMS Clinical Labs,MMS Clinical Labs,nan,sharonda@mmsclinicallabs.com,"MMS Clinical Labs
11251 Richmond Ave Suite F107
Houston TX 77082
United States"
Modern Molecular Diagnostic Lab,Modern Molecular Diagnostic Lab,nan,mohamed@mmdnj.com,"Modern Molecular Diagnostic Lab
430 US-46 E
FAIRFIELD NJ 07004
United States"
MOFFITT CANCER CENTER,MOFFITT CANCER CENTER,(813) 745-0080,Bradley.Sirak@moffitt.org,"Giuliano Lab MRC 2068u
MOFFITT CANCER CENTER
3011 W. Holly Dr.
Tampa FL 33612-9416
United States"
Monty's Clinical Lab LLC,Monty's Clinical Lab LLC,nan,nafees@montyslabs.com,"Monty's Clinical Lab LLC
1556 S RIVER RD
DES PLAINES IL 60018
United States"
MONTYS CLINICAL LAB,MONTYS CLINICAL LAB,(708) 320-9751,samee@mcl-usa.org,"MONTYS CLINICAL LAB
2711 E NEW YORK ST,SUITE 105-106,AURORA IL 60502
Aurora IL 60502
United States"
MRC/UVRI and LSHTM Uganda Research Unit,MRC/UVRI and LSHTM Uganda Research Unit,+256 (0) 417 704195,Joseph.Lutaakome@mrcuganda.org,Entebbe airport
Nanjing Pregene Biomedicine Company Limited,Nanjing Pregene Biomedicine Company Limited,086-15155398892,zhangmeixiang@pregene.net,"Building 8, Biomedical Valley Accelerator Phase 6,
Jiangbei New Area, Nanjing,
Jiangsu Province  
China"
NCI,NCI,(301) 219-4076,deanm@mail.nih.gov,"Basic Health International  
Colonia San Francisco, Avenida Las Camelias #14, San Salvador, San Salvador, El Salvador  
Att: Karla Alfaro 
Kalfaro@basichealth.org  
(503) 7854 7746"
Neglected Tropical Diseases Support Center,Neglected Tropical Diseases Support Center,(678) 687-4434,elong@taskforce.org,"Neglected Tropical Diseases Support Center
330 W Ponce de Leon Ave
Decatur GA 30030
United States"
New Vision Medical Center Inc.,New Vision Medical Center Inc.,nan,newvisionlabsinc1@gmail.com,"New Vision Medical Center Inc. 
176 Middle Street 
Georgetown   
Guyana 
newvisionlabsinc1@gmail.com"
Abeer Abu Saif,Next Generation Co. For Genetic & Consultancies,(+962) 6 463 3299,Abeer@sahoury.com ,"Next Generation Co. For Genetic & Consultancies 
Amman-Jordan / Al-Sayegh Commercial Center-F12, King Hussain Street, Abdali 
Amman   
Jordan 
Abeer@sahoury.com "
Next Generation Co. For Genetics & Consultancies,Next Generation Co. For Genetics & Consultancies,+962(6) 572 7020,bum@nextgenerationco.com,nan
NIH,NIH,nan,nan,"Manuel Sandoval
Calle Principal Colonia Alameda, Contiguo auto Banco BAC,  Tegucigalpa,Honduras ,
Tegucigalpa  
Honduras"
North Star Laboratories,North Star Laboratories,nan,thughes@nslabsla.com,"North Star Laboratories
150 Teal St
Suite 290
St. Rose LA 70087
United States"
Northstar Laboratories,Northstar Laboratories,nan,thughes@nslabsla.com,"Northstar Laboratories
150 TEAL ST STE 290
SAINT ROSE LA 70087
United States"
NORTHWEST MEDICAL LAB INC.,NORTHWEST MEDICAL LAB INC.,(773) 837-7582,fisaila1@gmail.com,"NORTHWEST MEDICAL LAB INC.
1315 Butterfield Road, Suite #201
Downers Grove IL 60515
United States"
Jun Wang,Northwestern University,(312) 503-2965,procurement@northwestern.edu,"Northwestern University
680 N Lake Shore Drive
Suite 1400
Chicago IL 60611
United States"
nQ8,nQ8,nan,drtito@rethix.com,"nQ8
2906 Chase Cross Ln.
Houston TX 77047
United States"
Number One Lab LLC,Number One Lab LLC,nan,yoni@numberonelab.com,"Numelab s.a.r.l. 
Le 457 New Naccache 
P.O.Box 70-410 
Antelias LEBANON 
+961 (1) 39 66 77x603"
NurseDX of Nevada,NurseDX of Nevada,nan,nan,nan
OakCrest Laboratory Services,OakCrest Laboratory Services,nan,talhaaziz68@yahoo.com,"OakCrest Laboratory Services
5000 west 95th street
Oak Lawn IL 60453
United States"
Ohrelle Laboratories,Ohrelle Laboratories,(310) 998-8004,ayelet@ohrelle.com,"Ayelet Laniado 
Ohrelle Laboratories
8200 Wilshire Blvd, 
Beverly Hills CA 90211
United States"
OM Diagnostic Labs,OM Diagnostic Labs,nan,nan,"OM Diagnostic Labs
128 Carnegie Row
Ste 108
Norwood MA 02062-5162
United States"
Omar Rodriguez,Omar Rodriguez,nan,contact@setlabsdx.com,"Omar Rodriguez
21940 S Edgar St
Carson CA 90745
United States"
Cheryl Tang,OMEC Medical,888-777-6121,cherylt@omecmedical.com,"OMEC Medical 
2526 Qume Drive, Suite 16, 
San Jose CA  
United States "
Omni  Diagnostics,Omni  Diagnostics,233-0-302-767-400,info@omni-diagnostics.com,"Omni  Diagnostics
No. 28, Church Crescent North Labone
P.O. BOX An 6153
Accra-Aorth  
Ghana"
One Path Diagnostics,One Path Diagnostics,nan,wbernhardt@opdxsolutions.com,"One Path Diagnostics
6800 Southpoint Parkway Suite 950
Jacksonville FL 32216
United States"
Optimal Labs,Optimal Labs,nan,ELSHEMYLAB@YAHOO.COM,"Optimal Labs
714 Broadway
Paterson NJ 07514
United States"
Our lady of mercy specialist hospital,Our lady of mercy specialist hospital,nan,emilynzeribe@yahoo.com,"Our lady of mercy specialist hospital
102/104 Royce Road
Owerri  
Nigeria"
Oxford Clinical Laboratory,Oxford Clinical Laboratory,nan,josephloevy@gmail.com,"Oxford Clinical Laboratory
397 Haledon Ave. Haledon, NJ 07508
Haledon NJ 07508
United States"
Parameno Health,Parameno Health,nan,mkovalski@parameno.health,"Parameno Health
4887 Alpha Rd., Suite 205
Farmers Branch TX 75244
United States"
Pathologists Without Borders,Pathologists Without Borders,nan,patrickkafuiakakpo@gmail.com,"Pathologists Without Borders
A585/4, Eduardo Mohdlana St, Laterbiokoshie
Accra  
Ghana"
Patrician Solutions,Patrician Solutions,nan,CONTACT@SETLABSDX.COM,"Patrician Solutions
4104 RIO VIEJO DRIVE
Bakersfield CA 93313
United States"
"PCN Healthcare Co.,Ltd.","PCN Healthcare Co.,Ltd.",(662) 096-2002,oversea@pclholding.com,"PCN Healthcare Co.,Ltd.
326/2 Soi Jaran-Sanit Wong 67
Kwang Bangplad, Khet Bangplad
Bangkok  
Thailand"
Peak Clinical Diagnostics,Peak Clinical Diagnostics,nan,amanda@alphadx.net,"AMANDA@PEAKCLINICALDIAGNO 
STICS.COM 
2600 S PARKER RD STE 2-125 
AURORA, CO 80014-1661 US"
Omar Elbulok ,Personic Health Care,571-447-2047,oelbulok@personichealthcare.com,"Personic Health Care 
8133 Leesburg Pike, Suite 600 
Vienna VA 22182 
FAHADHASHMI@PERSONICHEALT 
HCARE.COM "
Pharmalab FZE,Pharmalab FZE,971 50 1084569,inquiry@pharmalabfze.com,"Pharmalab FZE
Niaz Ahmed Sales specialist PHARMALAB FZE
P1- ELOB Office No E-56G-14 Hamriya Free zone Sharjah
United Arab Emirates"
Physician's Toxicology,Physician's Toxicology,nan,brook@phystox.com,"Physician's Toxicology
4433 Manchester Rd
Kalamazoo MI 49001
United States"
PPG Labs,PPG Labs,nan,zmpiekarski00@gmail.com,"PPG Labs
33 W ROOSEVELT RD
LOMBARD IL 60148
United States"
Pr Seynabou LO,Pr Seynabou LO,22177533967,seynabou.lo@ugb.edu.sn,nan
Precision Clinical Lab-NY,Precision Clinical Lab-NY,nan,asif.syed@dxprecision.com,"Precision Clinical Lab-NY
7883 Seneca Turnpike
Clinton NY 13323
United States"
Predicine Inc,Predicine Inc,650-300-218,Bxiang@predicine.com,"Binggang Xiang, M.D., Ph.D.
Associate Director, R&D,  
3555 Arden Rd, Hayward, CA 94545 "
Preferred Lab Services,Preferred Lab Services,nan,preferredlabservices@gmail.com,"Preferred Lab Services
6071 N Milwaukee Ave
Chicago IL 60646
United States"
Pri-Med Care,Pri-Med Care,nan,JIVOIN111@GMAIL.COM,"Pri-Med Care
502 N Valley Pkwy #1
Lewisville TX 75067
United States"
Dr. Jean Robert Dumas,Primary Diagnostics Laboratory LLC,954-505-7301,JRDUMAS67@YAHOO.COM,"Primary Diagnostics Laboratory LLC 
115 S 17th Ave 
Hollywood FL 33020 
United States  "
Prime lab,Prime lab,(818) 485-1004,pmartinyan@yahoo.com,"Prime lab
31344 Via Colinas #104
Westlake Village CA 91362
United States"
Prime Lab Solutions,Prime Lab Solutions,nan,admin@primelabsolutions.com,"Prime Lab Solutions
88 Pompton Ave
Verona NJ 07044
United States"
Prince Laboratories,Prince Laboratories,nan,info@princelaboratories.com,"Prince Laboratories
450 Fairway Drive Unit 104
Deerfield Beach FL 33441
United States"
Principle  Laboratory,Principle  Laboratory,nan,nnbulayeva@principlehs.com,"Principle  Laboratory
16840 Buccaneer Lane, Ste. 261
Houston TX 77058
United States"
Principle Laboratory,Principle Laboratory,nan,NNBULAYEVA@PRINCIPLEHS.COM,"Principle Laboratory
16840 Buccaneer Lane, Ste. 281
Houston TX 77058
United States"
Pro Diagnostics Lab,Pro Diagnostics Lab,(708) 928-9007,abdalqaderismail@yahoo.com,"Pro Diagnostics Lab
7124 W 83rd St D
Bridgeview IL 60455
United States"
Prof Imran Morhason-Bello,University of Ibadan,nan,imranmorhasonbello@gmail.com,"Imran O. Morhason-Bello, 
MBBS, MSc Rep Biol(Ib); MPH(Liverpool), PhD(London), MD, FWACS, FMCOG, FICS 
Department of Obstetrics and Gynaecology, 
Faculty of Clinical Sciences, 
College of Medicine,
Ibadan, Oyo State, 
Nigeria. "
Proteus Genomics LLC,Proteus Genomics LLC,nan,mike.griffith@plabs.com,"Proteus Genomics LLC
46 Shelby Thames Dr
Lab 161
Hattiesburg MS 39402
United States"
Proteus Molecular and Clinical Lab LLC,Proteus Molecular and Clinical Lab LLC,205-478-7302,mike.griffith@plabs.com,"Proteus Molecular and Clinical Lab LLC 
218 Summit Pkwy STE 250 
Homewood AL 35209 
United States 
Attn: Mike Griffith  "
PT INODIA,PT INODIA,-58355850,kuba@inodia.co.id,"PT INODIA 
Perkantoran kedoya Elok Plaza Blok DB no.24 
Jalan Panjang, Kebon Jeruk 
Jakarta Barat 11520- Indonesia 
ATTN:KUBA"
PT. Inodia,PT. Inodia,(622) 158-0685 O,kuba@inodia.co.id,"PT. Inodia
Perkantoran Kedoya Elok Plaza Blok DB no 24
Jalan Panjang, Kebon Jeruk
Jakarta  11520
Indonesia"
PT. KalGen DNA,PT. KalGen DNA,62 813 9891 4849,lidya.yulianissa@kalbe.co.id,"PT. KalGen DNA
Kalbe Business Innovation Center
Kawasan Industri Pulogadung Jl. Pulogadung, No. 23
Jakarta  13930
Indonesia"
Purity Diagnostics,Purity Diagnostics,nan,puritydiagnostic@gmail.com,"Purity Diagnostics
72B NJ-34
Old Bridge NJ 08857
United States"
"Adam Crawford, PhD.",Quantigen,(317) 578-8980,lindsey.turnbull@quantigen.com,"Quantigen 
10300 Kincaid Dr. Ste. 200 
Fishers IN 46037 
Attn: Adam Crawford, PhD. 
adam.crawford@quantigen.com "
"Quantum Laboratory Service, LLC","Quantum Laboratory Service, LLC",nan,michael@medgendiagnostics.com,"Quantum Laboratory Service, LLC
824 North Creek Drive
Conway AR 72032
United States"
Quetelet Endowed Professorship in Public Health,Quetelet Endowed Professorship in Public Health,(205) 934-6459,nan,"Quetelet Endowed Professorship in Public Health Department of Epidemiology,
University of Alabama at Birmingham
Birmingham AL 35294
United States"
RAFAEL RODRÃGUEZ GRUBER,RAFAEL RODRÃGUEZ GRUBER,nan,gruber.rafael@gmail.com,"RAFAEL RODRA�GUEZ GRUBER
Puerto La Cruz, Edo.  Anzoategui Venezuela
Venezuela (Bolivarian Republic of)"
Rance Bradshaw,Rance Bradshaw,nan,management@mainstreamlab.com,"Rance Bradshaw
5354 Gulf Dr
New Port Richey FL 34652
United States"
RapidLab,RapidLab,562-200-5054,admin@biogenediagnostics.com ,"RapidLab 
2465 Reynolds Ave. Unit 101 
North Las Vegas NV 89030 
admin@biogenediagnostics.com 
Attn:ZeyadAbulathoa 562-200-5054"
Reliable Results Lab,Reliable Results Lab,nan,reliableresultslabs@gmail.com,"Reliable Results Lab
600 Fairway Drive Ste 104
Deerfield Beach FL 33441
United States"
ResInnova Clinical Diagnostics,ResInnova Clinical Diagnostics,(205) 965-9370,mbminyard@resinnovalabs.com,"ResInnova Clinical Diagnostics
5640 Fishers Lane, Suite B
Rockville MD 20857
United States"
Ressinova,Ressinova,nan,mbminyard@resinnovalabs.com,"Ressinova
321 Ballenger Center Drive Suite 235
Frederick MD 21703
United States"
RHB Laboratories,RHB Laboratories,nan,raheel@rhblab.com,"RHB Laboratories
575 E. Maple Road
Troy MI 48083
United States"
River Town Diagnostics,River Town Diagnostics,nan,Dawson@rivertowndx.net,"River Town Diagnostics
8563 Argyle Business Loop Suite 5, Jacksonville, FL 32244
Jacksonville FL 32244
United States"
Riverside Clinical Laboratory,Riverside Clinical Laboratory,(562) 900-2700,drdil@infotox.com,"Riverside Clinical Laboratory
7177 Brockton St.
Suite 338
Riverside CA 92506
United States"
Rocky Mountain Pathology,Rocky Mountain Pathology,(303) 762-5291,ddodson@rockymtnlabs.com,"Rocky Mountain Pathology
195 Inverness Dr. West #120
Englewood CO 80112
United States"
Rotary Club of Los Angeles,Rotary Club of Los Angeles,591 79021021,chrissy.moses@rotaryla5.org,"Chrissy Moses
Rotary Club of Los Angeles
chrissy.moses@rotaryla5.org
Nepal"
Rotary Club of Los Angeles : Richard Godfrey,Rotary Club of Los Angeles : Richard Godfrey,(510) 918-2312,richgodfrey77@gmail.com,"Richard Godfrey
Nepal"
S&T Medical Group,S&T Medical Group,(773) 837-7582,fisaila1@gmail.com,"S&T Medical Group
136 W Higgins
Hoffman Estates IL 60169
United States"
Sadeep Shrestha PhD MHS MS,Sadeep Shrestha PhD MHS MS,nan,nan,nan
Scientific Laboratory Supplies Ltd,Scientific Laboratory Supplies Ltd,+44 (0) 1482 649665,cyeomans@scientific-labs.com,"Scientific Laboratory Supplies Ltd 
Unit 6 
Fairham Business Park 
Foresters Avenue 
Faiirham 
Nottingham 
NG11 2AF 
UK "
Jim Modist,Scion Lab Services LLC, 954-715-5040,JM@Sciontesting.com,"Scion Lab Services LLC 
4111 SW 46th Avenue, Unit 335 
Davie FL 33314  
United States"
Select Laboratory Partners,Select Laboratory Partners,(336) 235-3059,nan,"Select Laboratory Partners
PO Box 13029
Greensboro NC 27415
United States"
Sentra Labs,Sentra Labs,nan,sentralabs@outlook.com,"Sentra Labs
40 Bay Shore Ave, Bay shore, NY 11706
Bay Shore NY 
United States"
Set Labs,Set Labs,858-472-5590,contact@setlabsdx.com,"Set Labs 
6725 Mesa Ridge Ste 240 
San Diego CA 92121 
Loagan Doraisamy 
858-472-5590 6725 
CONTACT@SETLABSDX.COM"
Shelby Clinical Lab,Shelby Clinical Lab,nan,karla@shelbywomenhealth.com,"Shelby Clinical Lab
9470 Annapolis Road
Suite 414
Latham MD 20706
United States"
Shelton Diagnostics,Shelton Diagnostics,nan,JamieShelton@sheltonlab.org,"Shelton Diagnostics
1311 South Stevenson Drive Suite 3
Iron Mountain MI 49801
United States"
"Sherlock Biosciences, Inc","Sherlock Biosciences, Inc",(443) 616-8794,mnatoli@sherlock.bio,"Mary Natoli, Ph.D
Sherlock Biosciences, Inc
200 Talcott Ave
Watertown MA 02472
United States"
"SIB Scientific, Inc.","SIB Scientific, Inc.",(408) 518-9747,tim@sibscientific.com,"SIB Scientific, Inc.
7915 Silverton Ave, suite 316
San Diego CA 92126
United States"
Sinergy Laboratory,Sinergy Laboratory,(561) 706-3285,jess@totallabsolutions.org,"Sinergy Laboratory
1701 Green Rd
Suite A
Deerfield Beach FL 33064-1074
United States"
Smartgene laboratory,Smartgene laboratory,9.71E+11,asawafta@najah.edu,"Smartgene laboratory
Nablus west bank 
Old University Street
Palestine, State of"
Southwest Direct Diagnostic Laboratory,Southwest Direct Diagnostic Laboratory,nan,shelbyr@swdirlabs.com,"Southwest Direct Diagnostic Laboratory
3901 Popplewell Street
Fort Worth TX 76118
United States"
"Sovereign Medical Services, Inc.","Sovereign Medical Services, Inc.",nan,rmanina@sovms.com,"Sovereign Medical Services, Inc.
6800 Kinderkamack Rd
Suite 300
Oradell NJ 07649
United States"
Spartan Labs,Spartan Labs,nan,matt@spartanlab.us,"Spartan Labs
6560 West Rogers Circle  Suite 25
Boca Raton FL 33487
United States"
Karina Lapotentova ,Spector Scientific Lab,(561) 507-0522,karina@spectorlab.com ,"Spector Scientific Lab 
160 SW 12th Ave Unit 103B 
Deerfield Beach FL 33442 "
Spectrum Lab Corp,Spectrum Lab Corp,nan,azoumomair@gmail.com,"Spectrum Lab Corp
7958 N Waukegan Rd
Niles IL 60714
United States"
Star Medical Lab,Star Medical Lab,(773) 322-9581,sal@sr21ent.com,"Star Medical Lab
211 E Lake St Suite 100
Addison IL 60101
United States"
Strategic Concepts Lab,Strategic Concepts Lab,nan,mikail@kindlytest.com,"Strategic Concepts Lab
1660 clay st
Santa Clara CA 95050
United States"
STRIVE BIOCORP PRIVATE LIMITED,STRIVE BIOCORP PRIVATE LIMITED,+91 9999978026,sales@strivebiocorp.com,"STRIVE BIOCORP PRIVATE LIMITED
2/16A, GROUND FLOOR, JANGPURA-A
NEW DELHI, INDIA -110014
New Delhi  
India"
Surgeon's Choice,Surgeon's Choice,nan,yisroel@ilabproviders.com,"Surgeon's Choice
22401 Foster Winter Dr
Southfield MI 48075
United States"
Synergistic Health Dx,Synergistic Health Dx,nan,synergistichealthdx@gmail.com,"Synergistic Health Dx
3525 W Peterson Ave #117
Chicago IL 60659
United States"
T3 Diagnostics,T3 Diagnostics,nan,I3DIAGNOSTICS@GMAIL.COM,"T3 Diagnostics
10108 Carano Ct
Irving TX 75063
United States"
Tampa Bay Diagnostic Institute,Tampa Bay Diagnostic Institute,nan,jgiles@tampabaydx.com,"Tampa Bay Diagnostic Institute
1601 W REYNOLDS ST, STE 203
Plant City FL 33563
United States"
Tecnolab S.A.,Tecnolab S.A.,(54-11) 4555-0010,dfeder@tecnolab.com.ar,"MGC TRADING CORP / Fredy Miani
Tecnolab S.A.
13380 S.W. 131 ST
#125
Miami FL 33186
United States"
Telostrand,Telostrand,nan,uraheel@sovms.com,"Telostrand
20 WOODRIDGE AVE STE C
HACKENSACK NJ 07601
United States"
THE George Washington University,THE George Washington University,(202) 994-7194,mlintner22@email.gwu.edu,"THE George Washington University
950 New Hampshire Ave NW,Room No :5th Floor, Alia Murphy,Washington, DC 20052
Washington DC DC 20052
United States"
Tri State Toxicology,Tri State Toxicology,nan,smahomes@tristatetoxicology.com,"422 W. Nakoma Drive
San Antonio TX 78216
United States"
MARLO MURRUFO,TrueDx Laboratories,nan,mmarrufo@advancedlifedx.com,"480 North Sam Houston Parkway East 
Suite 382 
Houston TX 77060 
United States"
UCSF,UCSF,(415) 476-8885,Sepideh.Nozzari@ucsf.edu,"UCSF
513 Parnassus Ave,Med Sciences S420,San Francisco, CA 94143
San Francisco CA 94143
United States"
Ultimo Medical Consulting,Ultimo Medical Consulting,nan,ultimoconsulting@outlook.com,"Ultimo Medical Consulting
670 HILLCREST RD, STE 300
Lilburn GA 30047
United States"
UNC Project-Malawi,UNC Project-Malawi,nan,jennifer_tang@med.unc.edu,"UNC Project-Malawi
UNC Lineberger Comprehensive Cancer Center
450 West Drive
Chapel Hill NC 27599
United States"
Katherine Sorgi,UNC,(919) 698-5283,kasorgi@email.unc.edu,"3009 Old Clinic Building. 
Chapel Hill, NC 27599 
919-698-5283"
United clinical lab,United clinical lab,nan,unitedclinical.4859@gmail.com,"4859 Dover center Rd
North Olmsted OH 44070
United States"
United Clinical Laboratory,United Clinical Laboratory,nan,LUISA@LABUNITED.COM,"United Clinical Laboratory
2257 Vista Parkway Suite 2
West Palm Beach FL 33411
United States"
University of Alabama at Birmingham,University of Alabama at Birmingham,(205) 934-6459,sshresth@uab.edu,"University of Alabama at Birmingham
1665 University Blvd
Ryals Bldg   217L
Birmingham AL 35294
United States"
University of Arizona,University of Arizona,(602) 827-2247,laniewski@arizona.edu,"University of Arizona
Building ABC1, 331E
425 N. 5th Street
Phoenix AZ 
United States"
University of Botswana,University of Botswana,00267 355 5714,moses.koobotse@gmail.com,"Block 246/Office H216, Plot 4775 Notwane and Mobuto Road
Faculty of Health Sciences/School of Allied Health Professions
Gaborone  
Botswana"
University of Calgary,University of Calgary,1 (587) 707-9090,akalra@ucalgary.ca,"HMRB 336F
3330 Hospital Drive NW,
Calgary, AB  T3P0W7
Canada"
University of California Los Angelesiseases,University of California Los Angelesiseases,(310) 825-8600,RCortado@mednet.ucla.edu,"University of California Los Angelesiseases
10833 LeConte Ave.
Los Angeles CA 90095
United States"
"University of California, San Francisco","University of California, San Francisco",nan,support@sciquest.com,"University of California, San Francisco
Supply Chain Management Accounts Payable - Box 0812
1855 Folsom St., Rm 300
San Francisco CA 94143-0812
United States"
University of Global Health Equity,University of Global Health Equity,nan,placide.sesonga@student.ughe.org,"University of Global Health Equity
Kigali Heights, Plot 772 KG 7 Ave., 5th Floor
PO Box 6955
Kigali  
Rwanda"
University of Hawaii - JABSOM,University of Hawaii - JABSOM,nan,etnakano@hawaii.edu,"651 Ilalo Street, BSB 320
Honolulu HI 96813
United States"
Prof. Godwin E. Imade ,University of Jos/Jos,+234 8035860811,ereimade@gmail.com,"Genomics and Post-Graduate Research Laboratory 
Faculty of Clinical Sciences, College of Health Sciences, 
Block A, University of Jos Jos University Teaching Hospital, Lamingo Jos, Plateau State, Nigeria 
 +234 803586081"
University of Kentucky,University of Kentucky,(859) 562-0113,Soma.Bose@uky.edu,"University of Kentucky
760 Press Ave #311,Healthy Kentucky Research Building,Lexington, KY 40506
Lexington KY 40506
United States"
University of Miami,University of Miami,nan,caa204@miami.edu,"University of Miami
P.O. Box 248066
Coral Gables FL 33124-2943
United States"
University of Puerto Rico Cancer Center,University of Puerto Rico Cancer Center,(787) 772-8300 Ext. 5922,aferrer@cccupr.org,"University of Puerto Rico Cancer Center
POB Box 363027
San Juan  00936-3027
Puerto Rico"
UNIVERSITY OF STELLENBOSCH,UNIVERSITY OF STELLENBOSCH,+27 21938 5309,msanders@sun.ac.za,"UNIVERSITY OF STELLENBOSCH
MATIELAND 7602, South Africa
Matieland  
South Africa"
UPR-Medical Sciences Campus,UPR-Medical Sciences Campus,"(787) 772-8300 EX 5149, 5271",frances.vazquez5@upr.edu,"UPR-Medical Sciences Campus
Accounts Payable Department
PO Box 365067
San Juan  00936-5067
Puerto Rico"
US Medical Labs,US Medical Labs,nan,umair@usmedlab.org,"US Medical Labs
450 E 22nd Street Ste. 173
Lombard IL 60148
United States"
UZ-CTRC,UZ-CTRC,+263 24 791631 Extension 142,tzengeya@uz-ctrc.org ,"Ministry of Health and Child Care C/O 
UZ-CTRC 
15 Phillips Belgravia Avenue 
Harare 
tzengeya@uz-ctrc.org 
+263 24 704920"
V-Labs,V-Labs,nan,siva@vlabsamerica.com,"V-Labs
1404 W Walnut Hill Ln., Suite 100
Irving TX 75038
United States"
Valley Diagnostics Laboratory,Valley Diagnostics Laboratory,(559) 392-9859,naeem.qarni@gmail.com,"Valley Diagnostics Laboratory 
7275 N First Street 
Fresno CA 93720 
naeemqarni@gmail.com 
United States"
VIDHATA GENOMICS LLC DBA LABRITE,VIDHATA GENOMICS LLC DBA LABRITE,nan,SDESAI@LABRITE.COM,"VIDHATA GENOMICS LLC DBA LABRITE
4270 State Highway Route 1 North
Monmouth Junction NJ 08852
United States"
West Coast Labs,West Coast Labs,(330) 546-4478,Matt@LaboratoryAM.com,"West Coast Labs
520 E. Center Street
Manteca CA 95336
United States"
"West Houston Internal Medicine, LLC","West Houston Internal Medicine, LLC",nan,colleen@encompasslaboratory.com,"West Houston Internal Medicine, LLC
21238 Kingsland Blvd
Katy TX 77450
United States"
"Westat, Inc.","Westat, Inc.",(301) 251-1500,SaraGlashofer@westat.com,"Westat, Inc.
1600 Research Blvd.
Rockville MD 20850-3195
United States"
WILLET SCIENCE CENTER,WILLET SCIENCE CENTER,nan,vore_pa@mercer.edu,"WILLET SCIENCE CENTER
1501 MERCER UNIVERSITY DRIVE
Macon GA 31207
United States"
WITS Health Consortium (Pty) Ltd.,WITS Health Consortium (Pty) Ltd.,nan,lara.noble@wits.ac.za,"WITS Health Consortium (Pty) Ltd.
31 Princess of Wales Terrace
Parktown
Johannesburg  2193
South Africa"
"Worksite LABS, INC.","Worksite LABS, INC.",nan,eubiadas@worksitelabs.com,"Worksite LABS, INC.
1890 E. Miraloma Ave, Suite #D
Placentia CA 92870
United States"
Worldwide Healing Hands,Worldwide Healing Hands,(562) 519-5408,erin@worldwidehealinghands.org,"Worldwide Healing Hands
5685 Main Street
Kelseyville CA 95451
United States"
Yemaachi Biotech Ltd,Yemaachi Biotech Ltd,233 20 314 4744,yaw@yemaachi.com,"Yemaachi Biotech Ltd
222 Swaniker Street
Abelemkpe-Accra  
Ghana"
Mir Khan,YLAB180,(630) 440-1900,meditechinc@gmail.com,"YLAB180 
1405 BERNARD ST UNIT#B2 
ADDISON IL 60101 
Mir Khan "
Zam Labs,Zam Labs,nan,reporting@zamlaboratory.com,"Zam Labs
1645 S River Rd, Unit 10
Des Plaines IL 60018
United States"
Zenix Labs,Zenix Labs,nan,admin@zenixlaboratory.com,"Zenix Labs
2658 W Devon
Chicago IL 60659
United States"
